wort;übersetzung;wortart;niveau;thema
absolutely;absolut;adv.;B1;
academic;akademisch;adj.;B1;
access;Zugang / zugreifen;n., v.;B1;
accommodation;Unterkunft;n.;B1;
account;Konto / Bericht;n.;B1;
achievement;Leistung / Erfolg;n.;B1;
act;handeln / Akt;n.;B1;
ad;Anzeige / Werbung;n.;B1;
addition;Zusatz / Addition;n.;B1;
admire;bewundern;v.;B1;
admit;zugeben;v.;B1;
advanced;fortgeschritten;adj.;B1;
advise;raten / beraten;v.;B1;
afford;sich leisten;v.;B1;
age;Alter;v.;B1;
aged;im Alter von;adj.;B1;
agent;Agent:in / Vermittler:in;n.;B1;
agreement;Vereinbarung;n.;B1;
ahead;voraus / vorn;adv.;B1;
aim;Ziel / zielen;v., n.;B1;
alarm;Alarm;n.;B1;
album;Album;n.;B1;
alcohol;Alkohol;n.;B1;
alcoholic;alkoholisch / alkoholabhängig;adj.;B1;
alternative;Alternative;adj.;B1;
amazed;erstaunt;adj.;B1;
ambition;Ehrgeiz;n.;B1;
ambitious;ehrgeizig;adj.;B1;
analyse;analysieren;v.;B1;
analysis;Analyse;n.;B1;
announce;ankündigen;v.;B1;
announcement;Ankündigung;n.;B1;
annoy;ärgern;v.;B1;
annoyed;verärgert;adj.;B1;
annoying;nervig;adj.;B1;
apart;auseinander / abgesehen;adv.;B1;
apologize;sich entschuldigen;v.;B1;
application;Bewerbung / Anwendung;n.;B1;
appointment;Termin;n.;B1;
appreciate;schätzen;v.;B1;
approximately;ungefähr;adv.;B1;
arrest;verhaften / Festnahme;v., n.;B1;
arrival;Ankunft;n.;B1;
assignment;Aufgabe / Auftrag;n.;B1;
assist;helfen / unterstützen;v.;B1;
atmosphere;Atmosphäre;n.;B1;
attach;anhängen / befestigen;v.;B1;
attitude;Einstellung / Haltung;n.;B1;
attract;anziehen;v.;B1;
attraction;Attraktion / Anziehung;n.;B1;
authority;Behörde / Autorität;n.;B1;
average;Durchschnitt;v.;B1;
award;Auszeichnung;v.;B1;
aware;bewusst;adj.;B1;
backwards;rückwärts;adv.;B1;
bake;backen;v.;B1;
balance;Gleichgewicht / Bilanz;n., v.;B1;
ban;verbieten / Verbot;v., n.;B1;
bank (river);Ufer;n.;B1;
base;Basis / basieren;n., v.;B1;
basic;grundlegend;adj.;B1;
basis;Grundlage / Basis;n.;B1;
battery;Batterie;n.;B1;
battle;Schlacht / Kampf;n.;B1;
beauty;Schönheit;n.;B1;
bee;Biene;n.;B1;
belief;Überzeugung / Glaube;n.;B1;
bell;Glocke;n.;B1;
bend;biegen / Kurve;v., n.;B1;
benefit;Vorteil / Nutzen;v.;B1;
better;besser;n.;B1;
bite;beißen / Biss;v., n.;B1;
block;Block / blockieren;n., v.;B1;
board;Brett / Vorstand;v.;B1;
bomb;Bombe;n., v.;B1;
border;Grenze;n.;B1;
bother;stören / sich Mühe machen;v.;B1;
branch;Ast / Filiale;n.;B1;
brand;Marke;n., v.;B1;
brave;mutig;adj.;B1;
breath;Atem;n.;B1;
breathe;atmen;v.;B1;
breathing;Atmung;n.;B1;
bride;Braut;n.;B1;
bubble;Blase;n.;B1;
bury;begraben;v.;B1;
by;von / bis;adv.;B1;
calm;ruhig;adj., v., n.;B1;
campaign;Kampagne;n., v.;B1;
campus;Campus;n.;B1;
candidate;Kandidat:in;n.;B1;
cap;Mütze / Kappe;n.;B1;
captain;Kapitän:in;n.;B1;
careless;nachlässig / unvorsichtig;adj.;B1;
category;Kategorie;n.;B1;
ceiling;Decke (Zimmer);n.;B1;
celebration;Feier;n.;B1;
central;zentral;adj.;B1;
centre;Zentrum / Mitte;v.;B1;
ceremony;Zeremonie;n.;B1;
chain;Kette;n.;B1;
challenge;Herausforderung;n.;B1;
champion;Champion / Meister:in;n.;B1;
channel;Kanal;n.;B1;
chapter;Kapitel;n.;B1;
charge;Gebühr / aufladen / anklagen;n., v.;B1;
cheap;billig / günstig;adv.;B1;
cheat;betrügen / schummeln;v., n.;B1;
cheerful;fröhlich;adj.;B1;
chemical;chemisch / Chemikalie;adj., n.;B1;
chest;Brust(korb) / Truhe;n.;B1;
childhood;Kindheit;n.;B1;
claim;behaupten / Anspruch;v., n.;B1;
clause;Satzteil / Klausel;n.;B1;
clear;klar;v.;B1;
click;klicken / Klick;v., n.;B1;
client;Kunde / Klient:in;n.;B1;
climb;klettern;n.;B1;
close;schließen / nah;adv.;B1;
cloth;Stoff / Tuch;n.;B1;
clue;Hinweis;n.;B1;
coach;Trainer:in / Reisebus;v.;B1;
coal;Kohle;n.;B1;
coin;Münze;n.;B1;
collection;Sammlung;n.;B1;
coloured;farbig;adj.;B1;
combine;kombinieren;v.;B1;
comment;Kommentar;v.;B1;
commercial;kommerziell / Werbespot;adj., n.;B1;
commit;begehen / sich verpflichten;v.;B1;
communication;Kommunikation;n.;B1;
comparison;Vergleich;n.;B1;
competitor;Konkurrent:in;n.;B1;
competitive;wettbewerbsfähig;adj.;B1;
complaint;Beschwerde;n.;B1;
complex;komplex;adj.;B1;
concentrate;sich konzentrieren;v.;B1;
conclude;schließen / folgern;v.;B1;
conclusion;Schlussfolgerung;n.;B1;
confident;selbstbewusst;adj.;B1;
confirm;bestätigen;v.;B1;
confuse;verwirren;v.;B1;
confused;verwirrt;adj.;B1;
connection;Verbindung;n.;B1;
consequence;Konsequenz / Folge;n.;B1;
consist;bestehen aus;v.;B1;
consume;verbrauchen / konsumieren;v.;B1;
consumer;Verbraucher:in;n.;B1;
contact;Kontakt;n., v.;B1;
container;Behälter;n.;B1;
content;Inhalt / zufrieden;n.;B1;
continuous;ununterbrochen / kontinuierlich;adj.;B1;
contrast;Kontrast;n., v.;B1;
convenient;günstig / praktisch;adj.;B1;
convince;überzeugen;v.;B1;
cool;kühl / cool;v.;B1;
costume;Kostüm;n.;B1;
cottage;Häuschen / Cottage;n.;B1;
cotton;Baumwolle;n.;B1;
count;zählen;n.;B1;
countryside;Landschaft / ländliche Gegend;n.;B1;
court;Gericht / Platz (Sport);n.;B1;
cover;abdecken;n.;B1;
covered;bedeckt;adj.;B1;
cream;Sahne / Creme;adj.;B1;
criminal;kriminell / Verbrecher:in;adj.;B1;
cruel;grausam;adj.;B1;
cultural;kulturell;adj.;B1;
currency;Währung;n.;B1;
current;aktuell / Strömung;adj.;B1;
currently;derzeit;adv.;B1;
curtain;Vorhang;n.;B1;
custom;Brauch / Sitte;n.;B1;
cut;schneiden;n.;B1;
daily;täglich;adv.;B1;
damage;Schaden / beschädigen;n., v.;B1;
deal;Geschäft / Deal;n.;B1;
decade;Jahrzehnt;n.;B1;
decorate;dekorieren;v.;B1;
deep;tief;adv.;B1;
define;definieren;v.;B1;
definite;eindeutig / bestimmt;adj.;B1;
definition;Definition;n.;B1;
deliver;liefern;v.;B1;
departure;Abreise / Abflug;n.;B1;
despite;trotz;prep.;B1;
destination;Ziel(ort);n.;B1;
determine;bestimmen;v.;B1;
determined;entschlossen;adj.;B1;
development;Entwicklung;n.;B1;
diagram;Diagramm;n.;B1;
diamond;Diamant;n.;B1;
difficulty;Schwierigkeit;n.;B1;
direct;direkt;v., adv.;B1;
directly;direkt;adv.;B1;
dirt;Schmutz / Dreck;n.;B1;
disadvantage;Nachteil;n.;B1;
disappointed;enttäuscht;adj.;B1;
disappointing;enttäuschend;adj.;B1;
discount;Rabatt;n.;B1;
dislike;nicht mögen / Abneigung;v., n.;B1;
divide;teilen / dividieren;v.;B1;
documentary;Dokumentation;n.;B1;
donate;spenden;v.;B1;
double;doppelt;adv.;B1;
doubt;Zweifel / zweifeln;n., v.;B1;
dressed;angezogen;adj.;B1;
drop;fallen lassen / Tropfen;n.;B1;
drum;Trommel;n.;B1;
drunk;betrunken;adj.;B1;
due;fällig;adj.;B1;
dust;Staub;n.;B1;
duty;Pflicht / Zoll;n.;B1;
earthquake;Erdbeben;n.;B1;
eastern;östlich;adj.;B1;
economic;wirtschaftlich;adj.;B1;
economy;Wirtschaft;n.;B1;
edge;Rand / Kante;n.;B1;
editor;Redakteur:in / Editor;n.;B1;
educate;erziehen / ausbilden;v.;B1;
educated;gebildet;adj.;B1;
educational;lehrreich / Bildungs-;adj.;B1;
effective;effektiv;adj.;B1;
effectively;effektiv;adv.;B1;
effort;Anstrengung / Mühe;n.;B1;
election;Wahl;n.;B1;
element;Element;n.;B1;
embarrassed;verlegen / peinlich berührt;adj.;B1;
embarrassing;peinlich;adj.;B1;
emergency;Notfall;n.;B1;
emotion;Emotion / Gefühl;n.;B1;
employment;Beschäftigung;n.;B1;
empty;leer;v.;B1;
encourage;ermutigen;v.;B1;
enemy;Feind:in;n.;B1;
engaged;verlobt / beschäftigt;adj.;B1;
engineering;Ingenieurwesen;n.;B1;
entertain;unterhalten;v.;B1;
entertainment;Unterhaltung;n.;B1;
entrance;Eingang;n.;B1;
entry;Eintritt / Eintrag;n.;B1;
environmental;Umwelt-;adj.;B1;
episode;Episode / Folge;n.;B1;
equal;gleich;adj., v.;B1;
equally;gleichermaßen;adv.;B1;
escape;fliehen / Flucht;v., n.;B1;
essential;wesentlich / unverzichtbar;adj.;B1;
eventually;schließlich;adv.;B1;
examine;untersuchen;v.;B1;
except;außer;conj.;B1;
exchange;tauschen / Austausch;n., v.;B1;
excitement;Aufregung;n.;B1;
exhibition;Ausstellung;n.;B1;
expand;ausweiten / expandieren;v.;B1;
expected;erwartet;adj.;B1;
expedition;Expedition;n.;B1;
experience;Erfahrung;v.;B1;
experienced;erfahren;adj.;B1;
experiment;Experiment;v.;B1;
explode;explodieren;v.;B1;
explore;erforschen / erkunden;v.;B1;
explosion;Explosion;n.;B1;
export;exportieren / Export;n., v.;B1;
extra;zusätzlich / extra;n., adv.;B1;
face;Gesicht / sich stellen;v.;B1;
fairly;ziemlich / fair;adv.;B1;
familiar;bekannt / vertraut;adj.;B1;
fancy;schick / Lust haben;v., adj.;B1;
far;weit;adj.;B1;
fascinating;faszinierend;adj.;B1;
fashionable;modisch;adj.;B1;
fasten;befestigen / anschnallen;v.;B1;
favour;Gefallen;n.;B1;
fear;Angst / fürchten;v.;B1;
feature;Merkmal;v.;B1;
fence;Zaun;n.;B1;
fighting;Kämpfen;n.;B1;
file;Datei / Akte;n.;B1;
financial;finanziell;adj.;B1;
fire;Feuer / feuern;v.;B1;
fitness;Fitness;n.;B1;
fixed;fest / repariert;adj.;B1;
flag;Flagge;n.;B1;
flood;Flut / überschwemmen;n., v.;B1;
flour;Mehl;n.;B1;
flow;fließen;v., n.;B1;
fold;falten;v.;B1;
folk;Volk / Leute;n., adj.;B1;
following;folgend;n.;B1;
force;Kraft / zwingen;n., v.;B1;
forever;für immer;adv.;B1;
frame;Rahmen;n., v.;B1;
freeze;frieren / einfrieren;v.;B1;
frequently;häufig;adv.;B1;
friendship;Freundschaft;n.;B1;
frighten;erschrecken;v.;B1;
frightened;erschrocken / ängstlich;adj.;B1;
frightening;beängstigend;adj.;B1;
frozen;gefroren;adj.;B1;
fry;braten;v.;B1;
fuel;Treibstoff / Brennstoff;n.;B1;
function;Funktion;n.;B1;
fur;Fell / Pelz;n.;B1;
further;weiter;adv.;B1;
garage;Garage / Werkstatt;n.;B1;
gather;sammeln / sich versammeln;v.;B1;
generally;allgemein;adv.;B1;
generation;Generation;n.;B1;
generous;großzügig;adj.;B1;
gentle;sanft;adj.;B1;
gentleman;Herr / Gentleman;n.;B1;
ghost;Geist / Gespenst;n.;B1;
giant;Riese / riesig;adj., n.;B1;
glad;froh;adj.;B1;
global;global;adj.;B1;
glove;Handschuh;n.;B1;
go;gehen;n.;B1;
goods;Waren / Güter;n.;B1;
grade;Klasse / Note;n.;B1;
graduate;Absolvent:in / abschließen;n., v.;B1;
grain;Korn / Getreide;n.;B1;
grateful;dankbar;adj.;B1;
growth;Wachstum;n.;B1;
guard;Wache / bewachen;n., v.;B1;
guilty;schuldig;adj.;B1;
hand;Hand;v.;B1;
hang;hängen / aufhängen;v.;B1;
happiness;Glück / Freude;n.;B1;
hardly;kaum;adv.;B1;
hate;hassen;n.;B1;
head;Kopf / Leiter:in;v.;B1;
headline;Schlagzeile;n.;B1;
heating;Heizung;n.;B1;
heavily;schwer / stark;adv.;B1;
helicopter;Hubschrauber;n.;B1;
highlight;hervorheben / Highlight;v., n.;B1;
highly;sehr / hoch;adv.;B1;
hire;einstellen / mieten;v.;B1;
historic;historisch (bedeutend);adj.;B1;
historical;geschichtlich;adj.;B1;
honest;ehrlich;adj.;B1;
horrible;schrecklich;adj.;B1;
horror;Horror / Entsetzen;n.;B1;
host;Gastgeber:in / moderieren;n.;B1;
hunt;jagen / Jagd;v.;B1;
hurricane;Hurrikan;n.;B1;
hurry;sich beeilen / Eile;n., v.;B1;
identity;Identität;n.;B1;
ignore;ignorieren;v.;B1;
illegal;illegal;adj.;B1;
imaginary;imaginär / erfunden;adj.;B1;
immediate;unmittelbar / sofortig;adj.;B1;
immigrant;Einwanderer / Einwanderin;n.;B1;
impact;Auswirkung / Einschlag;n., v.;B1;
import;importieren / Import;n., v.;B1;
importance;Wichtigkeit;n.;B1;
impression;Eindruck;n.;B1;
impressive;beeindruckend;adj.;B1;
improvement;Verbesserung;n.;B1;
incredibly;unglaublich;adv.;B1;
indeed;tatsächlich / wirklich;adv.;B1;
indicate;anzeigen / hinweisen;v.;B1;
indirect;indirekt;adj.;B1;
indoor;drinnen / Innen-;adj.;B1;
indoors;drinnen;adv.;B1;
influence;Einfluss / beeinflussen;n., v.;B1;
ingredient;Zutat;n.;B1;
injure;verletzen;v.;B1;
injured;verletzt;adj.;B1;
innocent;unschuldig;adj.;B1;
intelligence;Intelligenz;n.;B1;
intend;beabsichtigen;v.;B1;
intention;Absicht;n.;B1;
invest;investieren;v.;B1;
investigate;untersuchen / ermitteln;v.;B1;
involved;beteiligt;adj.;B1;
iron;Eisen / bügeln;n., v.;B1;
issue;Ausgabe / Problem;n.;B1;
IT;IT;n.;B1;
journal;Tagebuch / Fachzeitschrift;n.;B1;
judge;Richter:in / urteilen;n., v.;B1;
keen;begeistert / scharf;adj.;B1;
key;Schlüssel / wichtig;v.;B1;
keyboard;Tastatur;n.;B1;
kick;treten / Tritt;v., n.;B1;
killing;Tötung / Mord;n.;B1;
kind (caring);freundlich / nett;adj.;B1;
kiss;küssen / Kuss;v., n.;B1;
knock;klopfen;n.;B1;
label;Etikett / etikettieren;n., v.;B1;
laboratory;Labor;n.;B1;
lack;Mangel / fehlen;n., v.;B1;
latest;neueste:r;adj.;B1;
lay;legen;v.;B1;
layer;Schicht;n.;B1;
lead;führen / Blei;n.;B1;
leading;führend;adj.;B1;
leaf;Blatt (Pflanze);n.;B1;
leather;Leder;n.;B1;
legal;legal / rechtlich;adj.;B1;
leisure;Freizeit;n.;B1;
length;Länge;n.;B1;
level;Niveau / Ebene;adj.;B1;
lie (tell a lie);lügen / Lüge;v., n.;B1;
like (find sb/sth pleasant);mögen;n.;B1;
limit;Grenze / begrenzen;n., v.;B1;
lip;Lippe;n.;B1;
liquid;Flüssigkeit / flüssig;n., adj.;B1;
literature;Literatur;n.;B1;
live;leben / wohnen;adj., adv.;B1;
living;lebend / Lebens-;adj., n.;B1;
local;örtlich / lokal;n.;B1;
locate;finden / orten;v.;B1;
located;gelegen;adj.;B1;
location;Ort / Lage;n.;B1;
lonely;einsam;adj.;B1;
loss;Verlust;n.;B1;
luxury;Luxus;n.;B1;
mad;verrückt / wütend;adj.;B1;
magic;Magie / magisch;n., adj.;B1;
mainly;hauptsächlich;adv.;B1;
mall;Einkaufszentrum;n.;B1;
management;Management / Leitung;n.;B1;
market;Markt;v.;B1;
marketing;Marketing;n.;B1;
marriage;Ehe;n.;B1;
meanwhile;inzwischen;adv.;B1;
measure;messen / Maßnahme;v., n.;B1;
medium;mittel / Medium;adj.;B1;
mental;geistig / mental;adj.;B1;
mention;erwähnen;n.;B1;
mess;Unordnung / Chaos;n.;B1;
mild;mild;adj.;B1;
mine (hole in the ground);Bergwerk;n.;B1;
mix;mischen / Mix;v., n.;B1;
mixture;Mischung;n.;B1;
mood;Stimmung / Laune;n.;B1;
move;bewegen / Umzug;n.;B1;
mud;Schlamm;n.;B1;
murder;Mord / ermorden;n., v.;B1;
muscle;Muskel;n.;B1;
musical;musikalisch / Musical;n.;B1;
mystery;Geheimnis / Krimi;n.;B1;
nail;Nagel;n.;B1;
narrative;Erzählung;n., adj.;B1;
nation;Nation;n.;B1;
native;einheimisch / Muttersprachler:in;adj., n.;B1;
naturally;natürlich;adv.;B1;
necessarily;unbedingt / notwendigerweise;adv.;B1;
need;brauchen;modal v.;B1;
needle;Nadel;n.;B1;
neighbourhood;Nachbarschaft / Viertel;n.;B1;
neither;weder / auch nicht;adv.;B1;
net;Netz;n.;B1;
next;nächste:r;n.;B1;
normal;normal;n.;B1;
northern;nördlich;adj.;B1;
note;Notiz / bemerken;v.;B1;
now;jetzt;conj.;B1;
nuclear;nuklear;adj.;B1;
obvious;offensichtlich;adj.;B1;
obviously;offensichtlich;adv.;B1;
occasion;Gelegenheit / Anlass;n.;B1;
occur;vorkommen / passieren;v.;B1;
odd;seltsam / ungerade;adj.;B1;
official;offiziell / Beamte:r;adj.;B1;
old-fashioned;altmodisch;adj.;B1;
once;einmal;conj.;B1;
operation;Operation / Betrieb;n.;B1;
organized;organisiert;adj.;B1;
organizer;Organisator:in;n.;B1;
original;original;n.;B1;
originally;ursprünglich;adv.;B1;
ought;sollte (eigentlich);modal v.;B1;
ours;unseres;pron.;B1;
outdoor;draußen / Outdoor-;adj.;B1;
outdoors;draußen;adv.;B1;
pack;packen / Packung;n.;B1;
package;Paket;n.;B1;
painful;schmerzhaft;adj.;B1;
pale;blass;adj.;B1;
pan;Pfanne;n.;B1;
participate;teilnehmen;v.;B1;
particularly;besonders;adv.;B1;
pass;vorbeigehen / bestehen;n.;B1;
passion;Leidenschaft;n.;B1;
path;Pfad / Weg;n.;B1;
payment;Zahlung;n.;B1;
peaceful;friedlich;adj.;B1;
percentage;Prozentsatz;n.;B1;
perfectly;perfekt;adv.;B1;
performance;Leistung / Aufführung;n.;B1;
personally;persönlich;adv.;B1;
persuade;überreden;v.;B1;
photographer;Fotograf:in;n.;B1;
photography;Fotografie;n.;B1;
pin;Stecknadel / anheften;n., v.;B1;
pipe;Rohr / Pfeife;n.;B1;
place;Ort / platzieren;v.;B1;
planning;Planung;n.;B1;
pleasant;angenehm;adj.;B1;
pleasure;Vergnügen / Freude;n.;B1;
plenty;reichlich;pron.;B1;
plot;Handlung / Plot / Grundstück;n.;B1;
plus;plus / zusätzlich;prep.;B1;
poem;Gedicht;n.;B1;
poet;Dichter:in;n.;B1;
poetry;Poesie / Dichtung;n.;B1;
point;Punkt / zeigen;v.;B1;
poison;Gift;n., v.;B1;
poisonous;giftig;adj.;B1;
policy;Politik / Strategie;n.;B1;
political;politisch;adj.;B1;
politician;Politiker:in;n.;B1;
politics;Politik;n.;B1;
port;Hafen;n.;B1;
portrait;Porträt;n.;B1;
possibly;möglicherweise;adv.;B1;
pot;Topf;n.;B1;
pour;gießen;v.;B1;
poverty;Armut;n.;B1;
powder;Pulver;n.;B1;
powerful;mächtig / kraftvoll;adj.;B1;
practical;praktisch;adj.;B1;
pray;beten;v.;B1;
prayer;Gebet;n.;B1;
prediction;Vorhersage;n.;B1;
prepared;vorbereitet;adj.;B1;
presentation;Präsentation;n.;B1;
press;drücken / Presse;n., v.;B1;
pressure;Druck;n.;B1;
pretend;vortäuschen / so tun als ob;v.;B1;
previous;vorherig / früher;adj.;B1;
previously;zuvor / vorher;adv.;B1;
priest;Priester;n.;B1;
primary;primär / Grund-;adj.;B1;
prince;Prinz;n.;B1;
princess;Prinzessin;n.;B1;
printing;Drucken;n.;B1;
prisoner;Gefangene:r;n.;B1;
private;privat;adj.;B1;
producer;Produzent:in;n.;B1;
production;Produktion;n.;B1;
profession;Beruf;n.;B1;
profit;Gewinn;n.;B1;
program;Programm;v.;B1;
promote;fördern / werben;v.;B1;
proper;richtig / ordentlich;adj.;B1;
properly;richtig / korrekt;adv.;B1;
property;Eigentum / Eigenschaft;n.;B1;
protest;protestieren / Protest;n., v.;B1;
proud;stolz;adj.;B1;
prove;beweisen;v.;B1;
pull;ziehen;n.;B1;
punish;bestrafen;v.;B1;
punishment;Strafe;n.;B1;
push;drücken / schieben;n.;B1;
qualification;Qualifikation;n.;B1;
qualified;qualifiziert;adj.;B1;
qualify;sich qualifizieren;v.;B1;
queue;Schlange / anstehen;n., v.;B1;
quit;aufhören / kündigen;v.;B1;
quotation;Zitat;n.;B1;
quote;zitieren / Zitat;v., n.;B1;
race (people);Rasse / Volksgruppe;n.;B1;
racing;Rennsport;n.;B1;
range;Bereich / Auswahl;n.;B1;
rare;selten;adj.;B1;
rarely;selten;adv.;B1;
reaction;Reaktion;n.;B1;
reality;Realität / Wirklichkeit;n.;B1;
receipt;Quittung;n.;B1;
recommendation;Empfehlung;n.;B1;
reference;Referenz / Verweis;n.;B1;
reflect;reflektieren / nachdenken;v.;B1;
regularly;regelmäßig;adv.;B1;
reject;ablehnen;v.;B1;
relate;in Verbindung bringen;v.;B1;
related;verwandt / verbunden;adj.;B1;
relation;Beziehung / Verwandte:r;n.;B1;
relative;Verwandte:r / relativ;adj., n.;B1;
relaxed;entspannt;adj.;B1;
relaxing;entspannend;adj.;B1;
release;veröffentlichen / freilassen;v., n.;B1;
reliable;zuverlässig;adj.;B1;
religion;Religion;n.;B1;
religious;religiös;adj.;B1;
remain;bleiben;v.;B1;
remind;erinnern;v.;B1;
remote;abgelegen / fern;adj.;B1;
rent;mieten / Miete;n., v.;B1;
repair;reparieren;n.;B1;
repeat;wiederholen;n.;B1;
repeated;wiederholt;adj.;B1;
represent;vertreten / darstellen;v.;B1;
request;Anfrage / bitten;v.;B1;
require;erfordern / verlangen;v.;B1;
reservation;Reservierung;n.;B1;
resource;Ressource;n.;B1;
respect;Respekt / respektieren;n., v.;B1;
responsibility;Verantwortung;n.;B1;
responsible;verantwortlich;adj.;B1;
result;Ergebnis;v.;B1;
retire;in Rente gehen;v.;B1;
retired;im Ruhestand / pensioniert;adj.;B1;
revise;überarbeiten / wiederholen;v.;B1;
ring;Ring / klingeln;n.;B1;
rise;steigen / Anstieg;n.;B1;
risk;Risiko / riskieren;n., v.;B1;
robot;Roboter;n.;B1;
roll;rollen / Rolle;v., n.;B1;
romantic;romantisch;adj.;B1;
rope;Seil;n.;B1;
rough;rau / grob;adj.;B1;
row;Reihe / rudern;n.;B1;
royal;königlich;adj.;B1;
rugby;Rugby;n.;B1;
rule;Regel / regieren;v.;B1;
safety;Sicherheit;n.;B1;
sail;segeln;n.;B1;
sailor;Segler:in / Matrose;n.;B1;
sample;Probe / Stichprobe;n.;B1;
sand;Sand;n.;B1;
scan;scannen / Scan;v.;B1;
scientific;wissenschaftlich;adj.;B1;
script;Drehbuch / Skript;n.;B1;
sculpture;Skulptur;n.;B1;
secondary;sekundär / weiterführend;adj.;B1;
security;Sicherheit;n.;B1;
seed;Samen;n.;B1;
sensible;vernünftig;adj.;B1;
separate;trennen / getrennt;v.;B1;
seriously;ernsthaft / im Ernst;adv.;B1;
servant;Diener:in / Bedienstete:r;n.;B1;
set (put);setzen / stellen;v.;B1;
set (group);Set / Garnitur;n.;B1;
setting;Umgebung / Einstellung;n.;B1;
sex;Geschlecht / Sex;n.;B1;
sexual;sexuell;adj.;B1;
shake;schütteln;n.;B1;
share;teilen / Anteil;n.;B1;
sharp;scharf;adj.;B1;
shelf;Regal;n.;B1;
shell;Muschel / Hülle;n.;B1;
shift;Schicht / verschieben;n.;B1;
shine;scheinen / glänzen;v.;B1;
shiny;glänzend;adj.;B1;
shoot;schießen;v.;B1;
shy;schüchtern;adj.;B1;
sight;Sehkraft / Anblick;n.;B1;
signal;Signal;n., v.;B1;
silent;still / stumm;adj.;B1;
silly;albern / dumm;adj.;B1;
similarity;Ähnlichkeit;n.;B1;
similarly;ähnlich / ebenso;adv.;B1;
simply;einfach;adv.;B1;
since;seit / da;adv.;B1;
sink;sinken / Spülbecken;v.;B1;
slice;Scheibe;n., v.;B1;
slightly;leicht / etwas;adv.;B1;
slow;langsam;v.;B1;
smart;klug / schick;adj.;B1;
smooth;glatt;adj.;B1;
software;Software;n.;B1;
soil;Erde / Boden;n.;B1;
solid;fest / solide;adj., n.;B1;
sort;Sorte / sortieren;v.;B1;
southern;südlich;adj.;B1;
specifically;speziell / konkret;adv.;B1;
spending;Ausgaben;n.;B1;
spicy;scharf (Geschmack);adj.;B1;
spirit;Geist / Stimmung;n.;B1;
spoken;gesprochen;adj.;B1;
spot;Fleck / entdecken;n.;B1;
spread;verbreiten / aufstreichen;v.;B1;
spring;Frühling / Quelle / Sprungfeder;v.;B1;
stadium;Stadion;n.;B1;
staff;Personal / Mitarbeitende;n.;B1;
standard;Standard;n., adj.;B1;
state;Staat / Zustand / äußern;adj., v.;B1;
statistic;Statistik (Wert);n.;B1;
statue;Statue;n.;B1;
stick (push into/attach);kleben / stecken;v.;B1;
stick (piece of wood);Stock / Stab;n.;B1;
still;noch / still;adj.;B1;
store;Laden / lagern;v.;B1;
stranger;Fremde:r;n.;B1;
strength;Stärke / Kraft;n.;B1;
string;Schnur / Saite;n.;B1;
strongly;stark / nachdrücklich;adv.;B1;
studio;Studio;n.;B1;
stuff;Zeug / Sachen;n.;B1;
substance;Substanz / Stoff;n.;B1;
successfully;erfolgreich;adv.;B1;
sudden;plötzlich;adj.;B1;
suffer;leiden;v.;B1;
suit;Anzug / passen;v.;B1;
suitable;geeignet / passend;adj.;B1;
summarize;zusammenfassen;v.;B1;
summary;Zusammenfassung;n.;B1;
supply;Versorgung / liefern;n., v.;B1;
supporter;Unterstützer:in / Fan;n.;B1;
surely;sicher / bestimmt;adv.;B1;
surface;Oberfläche;n.;B1;
survive;überleben;v.;B1;
swim;schwimmen;n.;B1;
switch;Schalter / wechseln;v.;B1;
symptom;Symptom;n.;B1;
tail;Schwanz;n.;B1;
talent;Talent;n.;B1;
talented;talentiert;adj.;B1;
tape;Klebeband / Band;n.;B1;
tax;Steuer;n., v.;B1;
technical;technisch;adj.;B1;
technique;Technik / Methode;n.;B1;
tend;neigen (zu);v.;B1;
tent;Zelt;n.;B1;
that;das / dass;adv.;B1;
theirs;ihres (Plural);pron.;B1;
theme;Thema;n.;B1;
theory;Theorie;n.;B1;
therefore;deshalb;adv.;B1;
this;dies / diese:r;adv.;B1;
though;obwohl / aber;conj., adv.;B1;
throat;Hals / Kehle;n.;B1;
tight;eng / fest;adj.;B1;
tin;Dose / Zinn;n.;B1;
tiny;winzig;adj.;B1;
tip;Tipp / Spitze / Trinkgeld;v.;B1;
toe;Zeh;n.;B1;
tongue;Zunge;n.;B1;
total;gesamt / Summe;adj., n.;B1;
totally;total / völlig;adv.;B1;
touch;berühren;n.;B1;
tour;Tour;v.;B1;
trade;Handel / handeln;n., v.;B1;
translate;übersetzen;v.;B1;
translation;Übersetzung;n.;B1;
transport;Transport / transportieren;v.;B1;
treat;behandeln;v.;B1;
treatment;Behandlung;n.;B1;
trend;Trend;n.;B1;
trick;Trick;n., v.;B1;
truth;Wahrheit;n.;B1;
tube;Röhre / U-Bahn (London);n.;B1;
type;Typ / Art / tippen;v.;B1;
typically;typischerweise;adv.;B1;
tyre;Reifen;n.;B1;
ugly;hässlich;adj.;B1;
unable;unfähig;adj.;B1;
uncomfortable;unbequem;adj.;B1;
underwear;Unterwäsche;n.;B1;
unemployed;arbeitslos;adj.;B1;
unemployment;Arbeitslosigkeit;n.;B1;
unfair;unfair;adj.;B1;
union;Gewerkschaft / Union;n.;B1;
unless;es sei denn;conj.;B1;
unlike;anders als;prep.;B1;
unlikely;unwahrscheinlich;adj.;B1;
unnecessary;unnötig;adj.;B1;
unpleasant;unangenehm;adj.;B1;
update;aktualisieren / Update;v., n.;B1;
upon;auf / nach;prep.;B1;
upset;aufgebracht / verärgert;adj., v.;B1;
used;gebraucht / benutzt;adj.;B1;
used;gebraucht / benutzt;adj.;B1;
valuable;wertvoll;adj.;B1;
value;Wert / schätzen;n.;B1;
various;verschiedene;adj.;B1;
version;Version;n.;B1;
victim;Opfer;n.;B1;
view;Aussicht / Ansicht;v.;B1;
viewer;Zuschauer:in;n.;B1;
violent;gewalttätig;adj.;B1;
volunteer;Freiwillige:r;n., v.;B1;
vote;wählen / Stimme;n., v.;B1;
warm;warm;v.;B1;
warn;warnen;v.;B1;
warning;Warnung;n.;B1;
waste;Abfall / verschwenden;n., v., adj.;B1;
water;Wasser;v.;B1;
wave;Welle / winken;v.;B1;
weapon;Waffe;n.;B1;
weigh;wiegen;v.;B1;
western;westlich;adj.;B1;
whenever;wann immer;conj.;B1;
whether;ob;conj.;B1;
while;während;n.;B1;
whole;ganz;n.;B1;
will;werden / Wille;n.;B1;
win;gewinnen;n.;B1;
wing;Flügel;n.;B1;
within;innerhalb;prep.;B1;
wonder;sich fragen / Wunder;v., n.;B1;
wool;Wolle;n.;B1;
worldwide;weltweit;adj., adv.;B1;
worry;sich Sorgen machen;n.;B1;
worse;schlimmer;adv.;B1;
worst;schlimmste:r;adv.;B1;
worth;wert;adj.;B1;
written;geschrieben;adj.;B1;
wrong;falsch;adv.;B1;
yard;Hof / Yard;n.;B1;
young;jung;n.;B1;
youth;Jugend;n.;B1;
